session_group,patient_id,patient_name,patient_age,pain,fatigue,therapy_name,session_number,leave_session,quality,session_is_nok,leave_exercise_system_problem,leave_exercise_other,leave_exercise_unable_perform,leave_exercise_pain,leave_exercise_tired,leave_exercise_technical_issues,leave_exercise_difficulty,prescribed_repeats,training_time,perc_correct_repeats,number_exercises,number_of_distinct_exercises,exercise_with_most_incorrect,first_exercise_skipped
+T+GgHKnmmOtP/lRl153b1G1LL0=,4dk+XCVZgid5hxdgHmMtzkRGEBw=,Andrea Harris,67,8,2,neck,121,,5,False,0.0,0.0,0.0,0.0,0.0,0.0,0.0,72,570,1.0,15,12,,
+r86Qr0tRLHm22UxoVhRiedvEhI=,4dk+XCVZgid5hxdgHmMtzkRGEBw=,Andrea Harris,67,4,6,neck,116,,5,False,0.0,0.0,0.0,0.0,0.0,0.0,0.0,72,551,1.0,15,12,,
/Ms6fYRyqI49ZQeOiJ+sbm1tLsc=,A2gTUVCTp6U8NL1wHSQMnZaMAqc=,Peter Jenkins,66,0,0,low_back,125,,5,False,0.0,0.0,0.0,0.0,0.0,0.0,0.0,196,863,0.9948979591836735,23,11,trunk_flexion_with_rotation,
1MvKxaVR8T7swLRdomXxCmuL/Ms=,A2gTUVCTp6U8NL1wHSQMnZaMAqc=,Peter Jenkins,66,0,0,low_back,130,,5,False,0.0,0.0,0.0,0.0,0.0,0.0,0.0,196,795,1.0,23,11,,
1s0ihORK3OJAnVRcKYj0z/DAOgU=,glRS/3uRDZt6RpmB+LaLyx/a7wk=,Sonya Berg,76,0,0,low_back,319,,5,False,0.0,5.0,0.0,0.0,0.0,0.0,0.0,151,353,1.0,12,12,,plank_and_hand_walking
2KKNKw1fyw8u71cpAlV1ddPCXM4=,a1hGmEQjhs1R2x53rilTudoqLgo=,Anna James,32,6,4,low_back,13,,3,False,0.0,0.0,0.0,0.0,0.0,0.0,0.0,150,777,0.98,20,9,trunk_flexion,
2Vm/TMqEfSr+2jxA/NjJS7fJ18A=,cOL2fqTEmK4YwSY3RSAy9ZQ97bM=,Cynthia Gallegos,51,8,0,knee,124,,3,False,0.0,0.0,0.0,0.0,0.0,0.0,0.0,218,928,0.9862385321100917,28,11,pistols,
2vgBxw5eg0SnhdGkZeYkSYP5Txs=,glRS/3uRDZt6RpmB+LaLyx/a7wk=,Sonya Berg,76,0,0,low_back,314,,5,False,0.0,5.0,0.0,0.0,0.0,0.0,0.0,151,310,1.0,12,12,,plank_and_hand_walking
6fIx9+2bARVxYpFXWmsPkrCBi5g=,4dk+XCVZgid5hxdgHmMtzkRGEBw=,Andrea Harris,67,6,2,neck,125,,5,False,0.0,0.0,0.0,0.0,0.0,0.0,0.0,72,607,1.0,15,12,,
77WGXeHPWabp651HyS0FX1nqUS8=,a1hGmEQjhs1R2x53rilTudoqLgo=,Anna James,32,4,4,low_back,12,,3,False,0.0,0.0,0.0,0.0,0.0,0.0,0.0,172,757,0.9883720930232558,20,10,pelvic_anterior_posterior_tilt,
7dJUwvdeQ5w9/IDocZatJgDNuW8=,4dk+XCVZgid5hxdgHmMtzkRGEBw=,Andrea Harris,67,8,4,neck,122,,5,False,0.0,0.0,0.0,0.0,0.0,0.0,0.0,72,568,1.0,15,12,,
8o5xo48v0o+WIGVl9AYatwPiQ6I=,cOL2fqTEmK4YwSY3RSAy9ZQ97bM=,Cynthia Gallegos,51,6,0,knee,115,,5,False,0.0,0.0,0.0,0.0,0.0,0.0,0.0,150,442,0.9933333333333333,15,11,hip_flexion_with_knee_straight,
8xp/VDeizBxGNfFVfOOg443Oecg=,glRS/3uRDZt6RpmB+LaLyx/a7wk=,Sonya Berg,76,0,0,low_back,312,,5,False,0.0,5.0,0.0,0.0,0.0,0.0,0.0,151,307,1.0,12,12,,plank_and_hand_walking
AbOOIhR9wl/xbUArIqEenuu/T7E=,cOL2fqTEmK4YwSY3RSAy9ZQ97bM=,Cynthia Gallegos,51,8,0,knee,118,,5,False,0.0,0.0,0.0,0.0,0.0,0.0,0.0,218,919,0.9954128440366973,28,11,single_leg_squat,
B3083iTLpn0Dx+btJ1Ig4yIKaIM=,4dk+XCVZgid5hxdgHmMtzkRGEBw=,Andrea Harris,67,6,4,neck,115,,5,False,0.0,0.0,0.0,0.0,0.0,0.0,0.0,72,563,1.0,15,12,,
EUNGOqHKdcmAn4/JEbhyZ7LfX7M=,4dk+XCVZgid5hxdgHmMtzkRGEBw=,Andrea Harris,67,6,2,neck,120,,5,False,0.0,0.0,0.0,0.0,0.0,0.0,0.0,72,556,1.0,15,12,,
Hx08+Bn7jYhVylEaF6iKz8OG9KA=,A2gTUVCTp6U8NL1wHSQMnZaMAqc=,Peter Jenkins,66,0,0,low_back,124,,5,False,0.0,0.0,0.0,0.0,0.0,0.0,0.0,214,589,1.0,16,8,,
I7KGG6EOIgyxZAVr7imeEFxC524=,A2gTUVCTp6U8NL1wHSQMnZaMAqc=,Peter Jenkins,66,0,0,low_back,127,,5,False,0.0,0.0,0.0,0.0,0.0,0.0,0.0,196,857,1.0,23,11,,
Iq0R77NgEqOVCok6QT6Nn1cY34o=,A2gTUVCTp6U8NL1wHSQMnZaMAqc=,Peter Jenkins,66,0,0,low_back,123,,5,False,0.0,0.0,0.0,0.0,0.0,0.0,0.0,196,711,1.0,23,11,,
J8KvOZWSuzQ7OXwzl6dAAs59CCE=,glRS/3uRDZt6RpmB+LaLyx/a7wk=,Sonya Berg,76,0,0,low_back,316,,5,False,0.0,4.0,0.0,0.0,0.0,0.0,0.0,151,371,1.0,12,12,,plank_and_hand_walking
KSc7sgpL9nOUrdCVNGRBeCouQGk=,cOL2fqTEmK4YwSY3RSAy9ZQ97bM=,Cynthia Gallegos,51,8,0,knee,121,,3,False,0.0,0.0,0.0,0.0,0.0,0.0,0.0,150,473,1.0,15,11,,
LT1fpTfW1JWu40AyQVF63tW9WFA=,A2gTUVCTp6U8NL1wHSQMnZaMAqc=,Peter Jenkins,66,0,0,low_back,122,,5,False,0.0,0.0,0.0,0.0,0.0,0.0,0.0,208,773,0.9759615384615384,19,10,pelvic_anterior_posterior_tilt,
N5EnJ3o9wXNLFcnDREvAVX16cNE=,cOL2fqTEmK4YwSY3RSAy9ZQ97bM=,Cynthia Gallegos,51,8,0,knee,120,,5,False,0.0,0.0,0.0,0.0,0.0,0.0,0.0,218,950,1.0,28,11,,
NddLrE5iH9VBw1JYhtf534rdI/4=,cOL2fqTEmK4YwSY3RSAy9ZQ97bM=,Cynthia Gallegos,51,4,0,knee,125,,2,False,0.0,0.0,0.0,0.0,0.0,0.0,0.0,150,510,0.9866666666666667,15,11,hip_abduction,
OLagXstfSUprwtkqH84aMGQ2xVg=,4dk+XCVZgid5hxdgHmMtzkRGEBw=,Andrea Harris,67,4,4,neck,124,,5,False,0.0,0.0,0.0,0.0,0.0,0.0,0.0,72,592,0.9861111111111112,15,12,sitting_neck_rotation,
QIXAvFAbSofIbaXezn/JH/jpMvU=,4dk+XCVZgid5hxdgHmMtzkRGEBw=,Andrea Harris,67,4,4,neck,118,,5,False,0.0,0.0,0.0,0.0,0.0,0.0,0.0,72,569,0.9861111111111112,15,12,sitting_bending_and_extension,
S8TXMGJG3z0PzR9f2w1bCPAaTNo=,4dk+XCVZgid5hxdgHmMtzkRGEBw=,Andrea Harris,67,4,6,neck,117,,5,False,0.0,0.0,0.0,0.0,0.0,0.0,0.0,72,587,1.0,15,12,,
SyHvXf0jYPBxIGCN7wW7AU/RNfo=,a1hGmEQjhs1R2x53rilTudoqLgo=,Anna James,32,6,4,low_back,10,,3,False,0.0,0.0,0.0,0.0,0.0,0.0,0.0,144,715,1.0,16,7,,
W23sYciK1zBlHFye4TamoOBZWkk=,glRS/3uRDZt6RpmB+LaLyx/a7wk=,Sonya Berg,76,0,0,low_back,315,,5,False,0.0,5.0,0.0,0.0,0.0,0.0,0.0,151,314,0.9904761904761905,12,12,trunk_flexion_with_rotation,plank_and_hand_walking
X8D9UmRcxUQLN4EYx1UwQSBrgec=,glRS/3uRDZt6RpmB+LaLyx/a7wk=,Sonya Berg,76,0,0,low_back,317,,5,False,0.0,5.0,0.0,0.0,0.0,0.0,0.0,151,299,1.0,12,12,,plank_and_hand_walking
XWaGoUHeWze8t5HPYhbScHsPa84=,a1hGmEQjhs1R2x53rilTudoqLgo=,Anna James,32,4,4,low_back,11,,3,False,0.0,0.0,0.0,0.0,0.0,0.0,0.0,150,760,0.9933333333333333,20,9,trunk_flexion_with_rotation,
YS9eho3qaiYrWcFyNqN6Ct2xfwk=,4dk+XCVZgid5hxdgHmMtzkRGEBw=,Andrea Harris,67,4,2,neck,126,,5,False,0.0,0.0,0.0,0.0,0.0,0.0,0.0,72,554,1.0,15,12,,
Z1G9NPb9aWkEw1GrdBcMVi0K7SQ=,4dk+XCVZgid5hxdgHmMtzkRGEBw=,Andrea Harris,67,6,2,neck,114,,5,False,0.0,0.0,0.0,0.0,0.0,0.0,0.0,72,581,1.0,15,12,,
cSkScUVANFnsaNyTQqh8zrBZQJg=,4dk+XCVZgid5hxdgHmMtzkRGEBw=,Andrea Harris,67,6,4,neck,123,,5,False,0.0,0.0,0.0,0.0,0.0,0.0,0.0,72,570,1.0,15,12,,
fvcry45/kheg+Tvv+xEDez+x7sg=,cOL2fqTEmK4YwSY3RSAy9ZQ97bM=,Cynthia Gallegos,51,6,0,knee,123,,5,False,0.0,0.0,0.0,0.0,0.0,0.0,0.0,150,445,0.9933333333333333,15,11,hip_flexion_with_knee_straight,
how+/2S3YYaNVOgdlf3HvikraHQ=,A2gTUVCTp6U8NL1wHSQMnZaMAqc=,Peter Jenkins,66,0,0,low_back,128,,5,False,0.0,0.0,0.0,0.0,0.0,0.0,0.0,214,624,0.9906542056074766,16,8,pelvic_side_tilt,
idc1cn50U6FJy60a5vgGl/IIeWE=,cOL2fqTEmK4YwSY3RSAy9ZQ97bM=,Cynthia Gallegos,51,8,0,knee,119,,5,False,0.0,0.0,0.0,0.0,0.0,0.0,0.0,150,457,1.0,15,11,,
lg1c88p/9QtkOmQwiwd5stMlmOU=,glRS/3uRDZt6RpmB+LaLyx/a7wk=,Sonya Berg,76,0,0,low_back,318,,5,False,0.0,5.0,0.0,0.0,0.0,0.0,0.0,151,305,1.0,12,12,,plank_and_hand_walking
me+c135C3IiBdp7MB+VUdJmrRjc=,A2gTUVCTp6U8NL1wHSQMnZaMAqc=,Peter Jenkins,66,0,0,low_back,132,,5,False,0.0,0.0,0.0,0.0,0.0,0.0,0.0,196,711,1.0,23,11,,
ou2bfcfkqrU1lXCoNIH8+8rvTqo=,glRS/3uRDZt6RpmB+LaLyx/a7wk=,Sonya Berg,76,0,0,low_back,320,,5,False,0.0,4.0,0.0,0.0,0.0,0.0,0.0,151,395,1.0,12,12,,plank_and_hand_walking
rKq5gtwON0cB5Qbztw46A68KaTI=,A2gTUVCTp6U8NL1wHSQMnZaMAqc=,Peter Jenkins,66,0,0,low_back,126,,5,False,0.0,0.0,0.0,0.0,0.0,0.0,0.0,208,730,0.9855769230769231,19,10,trunk_flexion_with_rotation,
tE5HJvHFwx39XbszTse0CmmD2ew=,glRS/3uRDZt6RpmB+LaLyx/a7wk=,Sonya Berg,76,0,0,low_back,313,,5,False,0.0,5.0,0.0,0.0,0.0,0.0,0.0,151,294,1.0,12,12,,plank_and_hand_walking
twaoDpamqm6YIVyyjM1y/Qz4Twk=,cOL2fqTEmK4YwSY3RSAy9ZQ97bM=,Cynthia Gallegos,51,8,0,knee,122,,4,False,0.0,0.0,0.0,0.0,0.0,0.0,0.0,218,973,1.0,28,11,,
vYDa/qOTw7DqlBs0J0rG7riG2+Q=,a1hGmEQjhs1R2x53rilTudoqLgo=,Anna James,32,6,4,low_back,14,,3,False,0.0,0.0,0.0,0.0,0.0,0.0,0.0,144,705,1.0,16,7,,
w/wa4trJ7kJ0U1bEbBh/6DYmsRc=,A2gTUVCTp6U8NL1wHSQMnZaMAqc=,Peter Jenkins,66,0,0,low_back,131,,5,False,0.0,0.0,0.0,0.0,0.0,0.0,0.0,214,569,1.0,16,8,,
wL17EhG+DS3gWDUNF2I1CPXbi3M=,A2gTUVCTp6U8NL1wHSQMnZaMAqc=,Peter Jenkins,66,,,low_back,129,,,,0.0,0.0,0.0,0.0,0.0,0.0,0.0,94,218,1.0,7,5,,
yvySmzDi/mq+YO7PrpG970/9hbU=,cOL2fqTEmK4YwSY3RSAy9ZQ97bM=,Cynthia Gallegos,51,6,0,knee,116,,5,False,0.0,0.0,0.0,0.0,0.0,0.0,0.0,218,884,0.9954128440366973,28,11,hamstring_chair,
zDEko+ZPd44rHl2nhIsXDw3Jz3c=,4dk+XCVZgid5hxdgHmMtzkRGEBw=,Andrea Harris,67,6,4,neck,119,,5,False,0.0,0.0,0.0,0.0,0.0,0.0,0.0,72,561,1.0,15,12,,
zEH4e1F61U6k5xUYunlb2Sj22ng=,cOL2fqTEmK4YwSY3RSAy9ZQ97bM=,Cynthia Gallegos,51,8,0,knee,117,,3,False,0.0,0.0,0.0,0.0,0.0,0.0,0.0,150,543,0.9933333333333333,15,11,knee_flexion,
