patient_id,patient_name,patient_age,pain,fatigue,therapy_name,session_number,leave_session,quality,session_is_nok,prescribed_repeats,training_time,correct_repeats,wrong_repeats,number_exercises,number_of_distinct_exercises
4dk+XCVZgid5hxdgHmMtzkRGEBw=,Andrea Harris,67,8,2,neck,121,,5,False,72,570,72,0,15,12
4dk+XCVZgid5hxdgHmMtzkRGEBw=,Andrea Harris,67,4,6,neck,116,,5,False,72,551,72,0,15,12
A2gTUVCTp6U8NL1wHSQMnZaMAqc=,Peter Jenkins,66,0,0,low_back,125,,5,False,196,863,195,1,23,11
A2gTUVCTp6U8NL1wHSQMnZaMAqc=,Peter Jenkins,66,0,0,low_back,130,,5,False,196,795,196,0,23,11
glRS/3uRDZt6RpmB+LaLyx/a7wk=,Sonya Berg,76,0,0,low_back,319,,5,False,151,353,107,0,12,12
a1hGmEQjhs1R2x53rilTudoqLgo=,Anna James,32,6,4,low_back,13,,3,False,150,777,147,3,20,9
cOL2fqTEmK4YwSY3RSAy9ZQ97bM=,Cynthia Gallegos,51,8,0,knee,124,,3,False,218,928,215,3,28,11
glRS/3uRDZt6RpmB+LaLyx/a7wk=,Sonya Berg,76,0,0,low_back,314,,5,False,151,310,105,0,12,12
4dk+XCVZgid5hxdgHmMtzkRGEBw=,Andrea Harris,67,6,2,neck,125,,5,False,72,607,72,0,15,12
a1hGmEQjhs1R2x53rilTudoqLgo=,Anna James,32,4,4,low_back,12,,3,False,172,757,170,2,20,10
4dk+XCVZgid5hxdgHmMtzkRGEBw=,Andrea Harris,67,8,4,neck,122,,5,False,72,568,72,0,15,12
cOL2fqTEmK4YwSY3RSAy9ZQ97bM=,Cynthia Gallegos,51,6,0,knee,115,,5,False,150,442,149,1,15,11
glRS/3uRDZt6RpmB+LaLyx/a7wk=,Sonya Berg,76,0,0,low_back,312,,5,False,151,307,105,0,12,12
cOL2fqTEmK4YwSY3RSAy9ZQ97bM=,Cynthia Gallegos,51,8,0,knee,118,,5,False,218,919,217,1,28,11
4dk+XCVZgid5hxdgHmMtzkRGEBw=,Andrea Harris,67,6,4,neck,115,,5,False,72,563,72,0,15,12
4dk+XCVZgid5hxdgHmMtzkRGEBw=,Andrea Harris,67,6,2,neck,120,,5,False,72,556,72,0,15,12
A2gTUVCTp6U8NL1wHSQMnZaMAqc=,Peter Jenkins,66,0,0,low_back,124,,5,False,214,589,214,0,16,8
A2gTUVCTp6U8NL1wHSQMnZaMAqc=,Peter Jenkins,66,0,0,low_back,127,,5,False,196,857,196,0,23,11
A2gTUVCTp6U8NL1wHSQMnZaMAqc=,Peter Jenkins,66,0,0,low_back,123,,5,False,196,711,196,0,23,11
glRS/3uRDZt6RpmB+LaLyx/a7wk=,Sonya Berg,76,0,0,low_back,316,,5,False,151,371,125,0,12,12
cOL2fqTEmK4YwSY3RSAy9ZQ97bM=,Cynthia Gallegos,51,8,0,knee,121,,3,False,150,473,150,0,15,11
A2gTUVCTp6U8NL1wHSQMnZaMAqc=,Peter Jenkins,66,0,0,low_back,122,,5,False,208,773,203,5,19,10
cOL2fqTEmK4YwSY3RSAy9ZQ97bM=,Cynthia Gallegos,51,8,0,knee,120,,5,False,218,950,218,0,28,11
cOL2fqTEmK4YwSY3RSAy9ZQ97bM=,Cynthia Gallegos,51,4,0,knee,125,,2,False,150,510,148,2,15,11
4dk+XCVZgid5hxdgHmMtzkRGEBw=,Andrea Harris,67,4,4,neck,124,,5,False,72,592,71,1,15,12
4dk+XCVZgid5hxdgHmMtzkRGEBw=,Andrea Harris,67,4,4,neck,118,,5,False,72,569,71,1,15,12
4dk+XCVZgid5hxdgHmMtzkRGEBw=,Andrea Harris,67,4,6,neck,117,,5,False,72,587,72,0,15,12
a1hGmEQjhs1R2x53rilTudoqLgo=,Anna James,32,6,4,low_back,10,,3,False,144,715,144,0,16,7
glRS/3uRDZt6RpmB+LaLyx/a7wk=,Sonya Berg,76,0,0,low_back,315,,5,False,151,314,104,1,12,12
glRS/3uRDZt6RpmB+LaLyx/a7wk=,Sonya Berg,76,0,0,low_back,317,,5,False,151,299,105,0,12,12
a1hGmEQjhs1R2x53rilTudoqLgo=,Anna James,32,4,4,low_back,11,,3,False,150,760,149,1,20,9
4dk+XCVZgid5hxdgHmMtzkRGEBw=,Andrea Harris,67,4,2,neck,126,,5,False,72,554,72,0,15,12
4dk+XCVZgid5hxdgHmMtzkRGEBw=,Andrea Harris,67,6,2,neck,114,,5,False,72,581,72,0,15,12
4dk+XCVZgid5hxdgHmMtzkRGEBw=,Andrea Harris,67,6,4,neck,123,,5,False,72,570,72,0,15,12
cOL2fqTEmK4YwSY3RSAy9ZQ97bM=,Cynthia Gallegos,51,6,0,knee,123,,5,False,150,445,149,1,15,11
A2gTUVCTp6U8NL1wHSQMnZaMAqc=,Peter Jenkins,66,0,0,low_back,128,,5,False,214,624,212,2,16,8
cOL2fqTEmK4YwSY3RSAy9ZQ97bM=,Cynthia Gallegos,51,8,0,knee,119,,5,False,150,457,150,0,15,11
glRS/3uRDZt6RpmB+LaLyx/a7wk=,Sonya Berg,76,0,0,low_back,318,,5,False,151,305,105,0,12,12
A2gTUVCTp6U8NL1wHSQMnZaMAqc=,Peter Jenkins,66,0,0,low_back,132,,5,False,196,711,196,0,23,11
glRS/3uRDZt6RpmB+LaLyx/a7wk=,Sonya Berg,76,0,0,low_back,320,,5,False,151,395,126,0,12,12
A2gTUVCTp6U8NL1wHSQMnZaMAqc=,Peter Jenkins,66,0,0,low_back,126,,5,False,208,730,205,3,19,10
glRS/3uRDZt6RpmB+LaLyx/a7wk=,Sonya Berg,76,0,0,low_back,313,,5,False,151,294,105,0,12,12
cOL2fqTEmK4YwSY3RSAy9ZQ97bM=,Cynthia Gallegos,51,8,0,knee,122,,4,False,218,973,218,0,28,11
a1hGmEQjhs1R2x53rilTudoqLgo=,Anna James,32,6,4,low_back,14,,3,False,144,705,144,0,16,7
A2gTUVCTp6U8NL1wHSQMnZaMAqc=,Peter Jenkins,66,0,0,low_back,131,,5,False,214,569,214,0,16,8
A2gTUVCTp6U8NL1wHSQMnZaMAqc=,Peter Jenkins,66,,,low_back,129,,,,94,218,94,0,7,5
cOL2fqTEmK4YwSY3RSAy9ZQ97bM=,Cynthia Gallegos,51,6,0,knee,116,,5,False,218,884,217,1,28,11
4dk+XCVZgid5hxdgHmMtzkRGEBw=,Andrea Harris,67,6,4,neck,119,,5,False,72,561,72,0,15,12
cOL2fqTEmK4YwSY3RSAy9ZQ97bM=,Cynthia Gallegos,51,8,0,knee,117,,3,False,150,543,149,1,15,11
